<?xml version="1.0" encoding="iso-8859-1"?>
<extension>
	<icon>cal.jpg</icon>
	<name>calendar</name>
	<title>Event calendar</title>
	<description>Event calendar</description>
	<version>1.0</version>
	<author>Esra Technology Sdn Bhd</author>
	<authorUrl>http://esra.my</authorUrl>
	
	<index>
		<file type="js" path="calendar.js" />
		<file type="js" path="tinybox.js" />
		<file type="css" path="calendar.css" />
	</index>
	
	<builder>
		<file type="php" path="calendar.php" />
	</builder>
</extension>